Date;Wind speed  (vc avg);Wind  direction  (vc avg);Wind  speed (max);Wind Dir.(Max wind speed);latitude;longitude;station_id
01 May 2017;1.3;267.63173887049;5.6;220.2;-24.1296;15.8947;31201
02 May 2017;0.9;28.276197034725;4.6;221.0;-24.1296;15.8947;31201
03 May 2017;0.8;95.226444845044;5.6;197.8;-24.1296;15.8947;31201
04 May 2017;0.9;251.36050805357;5.2;186.0;-24.1296;15.8947;31201
05 May 2017;1.7;283.74846573485;6.1;336.2;-24.1296;15.8947;31201
06 May 2017;0.9;179.26957182929;7.2;176.9;-24.1296;15.8947;31201
07 May 2017;0.5;259.18544569808;6.0;25.96;-24.1296;15.8947;31201
08 May 2017;1.5;256.90335200955;5.7;343.2;-24.1296;15.8947;31201
09 May 2017;0.8;297.48761280291;5.6;328.3;-24.1296;15.8947;31201
10 May 2017;2.0;279.66736775484;6.9;295.4;-24.1296;15.8947;31201
11 May 2017;1.7;276.03726606246;5.6;289.3;-24.1296;15.8947;31201
12 May 2017;0.3;326.08429521635;6.1;32.47;-24.1296;15.8947;31201
13 May 2017;1.8;130.04851451364;5.3;107.3;-24.1296;15.8947;31201
14 May 2017;2.3;134.68604362762;5.3;97.8;-24.1296;15.8947;31201
15 May 2017;2.3;149.5911218709;5.5;206.5;-24.1296;15.8947;31201
16 May 2017;2.5;166.85055898995;5.6;191.3;-24.1296;15.8947;31201
17 May 2017;1.5;156.40288111009;3.3;89.3;-24.1296;15.8947;31201
18 May 2017;1.1;252.99682425398;4.5;180.9;-24.1296;15.8947;31201
19 May 2017;0.1;8.2110613724622;5.4;198.0;-24.1296;15.8947;31201
20 May 2017;1.3;64.018572332125;6.7;21.45;-24.1296;15.8947;31201
21 May 2017;1.8;48.329489509849;7.6;21.71;-24.1296;15.8947;31201
22 May 2017;2.0;24.14633213275;7.6;31.3;-24.1296;15.8947;31201
23 May 2017;2.3;356.5138288355;6.1;20.71;-24.1296;15.8947;31201
24 May 2017;1.4;258.04801200937;5.6;177.3;-24.1296;15.8947;31201
25 May 2017;1.7;239.40796372103;5.5;292.9;-24.1296;15.8947;31201
26 May 2017;1.5;237.93308830871;4.7;273.7;-24.1296;15.8947;31201
27 May 2017;0.6;316.31317283831;6.0;325.2;-24.1296;15.8947;31201
28 May 2017;3.9;100.78174167709;7.0;97.1;-24.1296;15.8947;31201
29 May 2017;1.9;106.60834245254;4.5;100.5;-24.1296;15.8947;31201
30 May 2017;0.4;158.10101728023;3.5;3.45;-24.1296;15.8947;31201
31 May 2017;1.2;181.71407692785;3.5;161.1;-24.1296;15.8947;31201
01 Jun 2017;0.4;279.38238411626;3.9;329.6;-24.1296;15.8947;31201
02 Jun 2017;1.0;296.21850619771;6.2;347.8;-24.1296;15.8947;31201
03 Jun 2017;1.7;280.83311361942;6.8;317.5;-24.1296;15.8947;31201
04 Jun 2017;1.2;213.89211998281;4.7;180.9;-24.1296;15.8947;31201
05 Jun 2017;1.5;289.52905723708;6.8;321.3;-24.1296;15.8947;31201
06 Jun 2017;2.9;298.06146681986;10.3;323.2;-24.1296;15.8947;31201
07 Jun 2017;4.3;173.65962398756;8.1;177.8;-24.1296;15.8947;31201
08 Jun 2017;1.6;153.72881955923;4.0;109.7;-24.1296;15.8947;31201
09 Jun 2017;4.7;336.38330757634;10.4;351.7;-24.1296;15.8947;31201
10 Jun 2017;2.0;289.40183555157;6.5;301.9;-24.1296;15.8947;31201
11 Jun 2017;1.3;254.60172158957;4.2;303.1;-24.1296;15.8947;31201
12 Jun 2017;1.4;233.63391068878;4.7;334.9;-24.1296;15.8947;31201
13 Jun 2017;1.3;224.17164408642;4.3;239.5;-24.1296;15.8947;31201
14 Jun 2017;1.9;252.85763933959;5.5;285.8;-24.1296;15.8947;31201
15 Jun 2017;0.2;234.86000054943;3.4;318.9;-24.1296;15.8947;31201
16 Jun 2017;1.0;254.22827073016;5.2;334.1;-24.1296;15.8947;31201
17 Jun 2017;1.2;223.48654923371;3.7;240.1;-24.1296;15.8947;31201
18 Jun 2017;2.0;285.90024183207;8.0;334.3;-24.1296;15.8947;31201
19 Jun 2017;1.7;261.85418609674;6.7;327.2;-24.1296;15.8947;31201
20 Jun 2017;2.0;214.5413657419;4.3;285.9;-24.1296;15.8947;31201
21 Jun 2017;1.8;216.84916458874;5.0;227.8;-24.1296;15.8947;31201
22 Jun 2017;2.2;215.63650013444;4.4;264.0;-24.1296;15.8947;31201
23 Jun 2017;0.7;141.70514266218;4.0;107.7;-24.1296;15.8947;31201
24 Jun 2017;0.9;205.27301528369;7.1;352.2;-24.1296;15.8947;31201
25 Jun 2017;1.2;35.90433952325;7.3;21.57;-24.1296;15.8947;31201
26 Jun 2017;1.6;283.19337965198;6.2;344.9;-24.1296;15.8947;31201
27 Jun 2017;5.0;303.98483631662;11.1;300.1;-24.1296;15.8947;31201
28 Jun 2017;1.1;112.75375028072;6.3;5.35;-24.1296;15.8947;31201
29 Jun 2017;3.4;341.38416024291;10.2;327.8;-24.1296;15.8947;31201
30 Jun 2017;1.8;294.34735504733;6.6;300.6;-24.1296;15.8947;31201
01 Jul 2017;1.8;262.88837364979;5.9;285.1;-24.1296;15.8947;31201
02 Jul 2017;0.9;230.66623088451;3.4;304.3;-24.1296;15.8947;31201
03 Jul 2017;0.6;282.56084600103;4.2;249.1;-24.1296;15.8947;31201
04 Jul 2017;0.8;265.73259606086;4.2;325.8;-24.1296;15.8947;31201
05 Jul 2017;0.5;292.24723101861;4.3;316.9;-24.1296;15.8947;31201
06 Jul 2017;1.2;13.379880084781;5.5;36.16;-24.1296;15.8947;31201
07 Jul 2017;1.4;319.79842898678;6.5;0.08;-24.1296;15.8947;31201
08 Jul 2017;3.1;304.06319110249;9.3;324.7;-24.1296;15.8947;31201
09 Jul 2017;1.1;251.75473807003;4.7;291.9;-24.1296;15.8947;31201
10 Jul 2017;1.4;273.10180001707;4.8;303.5;-24.1296;15.8947;31201
11 Jul 2017;1.3;248.9781552919;5.4;314.8;-24.1296;15.8947;31201
12 Jul 2017;1.6;200.02435846057;4.6;227.6;-24.1296;15.8947;31201
13 Jul 2017;1.3;249.97687688061;5.3;291.1;-24.1296;15.8947;31201
14 Jul 2017;2.7;291.20126870142;5.8;301.3;-24.1296;15.8947;31201
15 Jul 2017;1.6;288.54138933934;5.1;294.7;-24.1296;15.8947;31201
16 Jul 2017;0.9;129.96532634088;4.3;99.4;-24.1296;15.8947;31201
17 Jul 2017;1.8;91.455049130244;5.9;94.6;-24.1296;15.8947;31201
18 Jul 2017;2.0;208.06293843177;4.5;181.7;-24.1296;15.8947;31201
19 Jul 2017;1.7;212.13986499931;4.0;188.9;-24.1296;15.8947;31201
20 Jul 2017;1.5;115.84573510749;3.8;138.7;-24.1296;15.8947;31201
21 Jul 2017;1.4;246.53355961205;4.9;231.5;-24.1296;15.8947;31201
22 Jul 2017;1.7;229.55188198327;4.8;219.6;-24.1296;15.8947;31201
23 Jul 2017;0.7;225.29091294721;4.7;315.0;-24.1296;15.8947;31201
24 Jul 2017;1.7;282.83501887139;6.7;338.2;-24.1296;15.8947;31201
25 Jul 2017;2.1;201.52842175209;7.4;180.4;-24.1296;15.8947;31201
26 Jul 2017;2.7;100.89950153881;6.7;101.8;-24.1296;15.8947;31201
27 Jul 2017;2.9;49.210895130238;9.1;30.94;-24.1296;15.8947;31201
28 Jul 2017;1.9;346.51922807396;7.3;2.49;-24.1296;15.8947;31201
29 Jul 2017;2.1;29.698785588317;7.9;28.09;-24.1296;15.8947;31201
30 Jul 2017;2.2;15.030748044868;6.0;29.38;-24.1296;15.8947;31201
31 Jul 2017;4.6;325.04015795484;12.5;351.1;-24.1296;15.8947;31201
01 Aug 2017;1.2;245.74261557879;3.5;271.1;-24.1296;15.8947;31201
02 Aug 2017;1.2;230.93394651436;5.4;199.3;-24.1296;15.8947;31201
03 Aug 2017;1.1;248.77745400375;5.3;355.6;-24.1296;15.8947;31201
04 Aug 2017;2.4;194.9327464523;6.0;199.2;-24.1296;15.8947;31201
05 Aug 2017;2.0;208.92656656164;4.4;221.8;-24.1296;15.8947;31201
06 Aug 2017;1.5;212.22645462489;4.0;239.6;-24.1296;15.8947;31201
07 Aug 2017;2.3;244.30251258353;5.0;283.5;-24.1296;15.8947;31201
08 Aug 2017;2.3;270.63100132849;6.3;300.8;-24.1296;15.8947;31201
09 Aug 2017;1.5;237.63578319695;4.7;228.6;-24.1296;15.8947;31201
10 Aug 2017;1.5;254.72109878862;5.3;279.9;-24.1296;15.8947;31201
11 Aug 2017;1.9;219.81995992301;5.2;219.8;-24.1296;15.8947;31201
12 Aug 2017;1.7;223.0730187027;5.2;219.3;-24.1296;15.8947;31201
13 Aug 2017;1.3;209.69410179335;5.6;187.3;-24.1296;15.8947;31201
14 Aug 2017;0.9;285.66114440791;6.8;357.5;-24.1296;15.8947;31201
15 Aug 2017;2.1;238.32823941077;6.1;228.9;-24.1296;15.8947;31201
16 Aug 2017;2.9;190.17123699369;5.8;205.5;-24.1296;15.8947;31201
17 Aug 2017;3.3;101.61022092703;6.8;103.1;-24.1296;15.8947;31201
18 Aug 2017;3.5;79.557485903829;6.7;66.11;-24.1296;15.8947;31201
19 Aug 2017;2.9;304.26183575989;7.4;330.3;-24.1296;15.8947;31201
20 Aug 2017;1.7;239.43494719647;5.8;307.1;-24.1296;15.8947;31201
21 Aug 2017;1.8;215.78693628488;5.2;258.9;-24.1296;15.8947;31201
22 Aug 2017;1.2;228.40813853939;3.8;185.3;-24.1296;15.8947;31201
23 Aug 2017;0.9;217.42249849539;5.6;241.3;-24.1296;15.8947;31201
24 Aug 2017;;;0.0;0.0;-24.1296;15.8947;31201
25 Aug 2017;;;0.0;0.0;-24.1296;15.8947;31201
26 Aug 2017;;;0.0;0.0;-24.1296;15.8947;31201
27 Aug 2017;;;0.0;0.0;-24.1296;15.8947;31201
28 Aug 2017;;;0.0;0.0;-24.1296;15.8947;31201
29 Aug 2017;;;0.0;0.0;-24.1296;15.8947;31201
30 Aug 2017;;;0.0;0.0;-24.1296;15.8947;31201
31 Aug 2017;;;0.0;0.0;-24.1296;15.8947;31201
01 May 2018;;;;;-24.1296;15.8947;31201
02 May 2018;;;;;-24.1296;15.8947;31201
03 May 2018;;;;;-24.1296;15.8947;31201
04 May 2018;;;;;-24.1296;15.8947;31201
05 May 2018;;;;;-24.1296;15.8947;31201
06 May 2018;;;;;-24.1296;15.8947;31201
07 May 2018;;;;;-24.1296;15.8947;31201
08 May 2018;;;;;-24.1296;15.8947;31201
09 May 2018;;;;;-24.1296;15.8947;31201
10 May 2018;;;;;-24.1296;15.8947;31201
11 May 2018;;;;;-24.1296;15.8947;31201
12 May 2018;;;;;-24.1296;15.8947;31201
13 May 2018;;;;;-24.1296;15.8947;31201
14 May 2018;;;;;-24.1296;15.8947;31201
15 May 2018;;;;;-24.1296;15.8947;31201
16 May 2018;;;;;-24.1296;15.8947;31201
17 May 2018;;;;;-24.1296;15.8947;31201
18 May 2018;;;;;-24.1296;15.8947;31201
19 May 2018;;;;;-24.1296;15.8947;31201
20 May 2018;;;;;-24.1296;15.8947;31201
21 May 2018;;;;;-24.1296;15.8947;31201
22 May 2018;;;;;-24.1296;15.8947;31201
23 May 2018;;;;;-24.1296;15.8947;31201
24 May 2018;;;;;-24.1296;15.8947;31201
25 May 2018;;;;;-24.1296;15.8947;31201
26 May 2018;;;;;-24.1296;15.8947;31201
27 May 2018;;;;;-24.1296;15.8947;31201
28 May 2018;;;;;-24.1296;15.8947;31201
29 May 2018;;;;;-24.1296;15.8947;31201
30 May 2018;;;;;-24.1296;15.8947;31201
31 May 2018;;;;;-24.1296;15.8947;31201
01 Jun 2018;;;;;-24.1296;15.8947;31201
02 Jun 2018;;;;;-24.1296;15.8947;31201
03 Jun 2018;;;;;-24.1296;15.8947;31201
04 Jun 2018;;;;;-24.1296;15.8947;31201
05 Jun 2018;;;;;-24.1296;15.8947;31201
06 Jun 2018;;;;;-24.1296;15.8947;31201
07 Jun 2018;;;;;-24.1296;15.8947;31201
08 Jun 2018;;;;;-24.1296;15.8947;31201
09 Jun 2018;;;;;-24.1296;15.8947;31201
10 Jun 2018;;;;;-24.1296;15.8947;31201
11 Jun 2018;;;;;-24.1296;15.8947;31201
12 Jun 2018;;;;;-24.1296;15.8947;31201
13 Jun 2018;;;;;-24.1296;15.8947;31201
14 Jun 2018;;;;;-24.1296;15.8947;31201
15 Jun 2018;;;;;-24.1296;15.8947;31201
16 Jun 2018;;;;;-24.1296;15.8947;31201
17 Jun 2018;;;;;-24.1296;15.8947;31201
18 Jun 2018;;;;;-24.1296;15.8947;31201
19 Jun 2018;;;;;-24.1296;15.8947;31201
20 Jun 2018;;;;;-24.1296;15.8947;31201
21 Jun 2018;;;;;-24.1296;15.8947;31201
22 Jun 2018;;;;;-24.1296;15.8947;31201
23 Jun 2018;;;;;-24.1296;15.8947;31201
24 Jun 2018;;;;;-24.1296;15.8947;31201
25 Jun 2018;;;;;-24.1296;15.8947;31201
26 Jun 2018;;;;;-24.1296;15.8947;31201
27 Jun 2018;;;;;-24.1296;15.8947;31201
28 Jun 2018;;;;;-24.1296;15.8947;31201
29 Jun 2018;;;;;-24.1296;15.8947;31201
30 Jun 2018;;;;;-24.1296;15.8947;31201
01 Jul 2018;;;;;-24.1296;15.8947;31201
02 Jul 2018;;;;;-24.1296;15.8947;31201
03 Jul 2018;;;;;-24.1296;15.8947;31201
04 Jul 2018;;;;;-24.1296;15.8947;31201
05 Jul 2018;;;;;-24.1296;15.8947;31201
06 Jul 2018;;;;;-24.1296;15.8947;31201
07 Jul 2018;;;;;-24.1296;15.8947;31201
08 Jul 2018;;;;;-24.1296;15.8947;31201
09 Jul 2018;;;;;-24.1296;15.8947;31201
10 Jul 2018;;;;;-24.1296;15.8947;31201
11 Jul 2018;;;;;-24.1296;15.8947;31201
12 Jul 2018;;;;;-24.1296;15.8947;31201
13 Jul 2018;;;;;-24.1296;15.8947;31201
14 Jul 2018;;;;;-24.1296;15.8947;31201
15 Jul 2018;;;;;-24.1296;15.8947;31201
16 Jul 2018;;;;;-24.1296;15.8947;31201
17 Jul 2018;;;;;-24.1296;15.8947;31201
18 Jul 2018;;;;;-24.1296;15.8947;31201
19 Jul 2018;;;;;-24.1296;15.8947;31201
20 Jul 2018;;;;;-24.1296;15.8947;31201
21 Jul 2018;;;;;-24.1296;15.8947;31201
22 Jul 2018;;;;;-24.1296;15.8947;31201
23 Jul 2018;;;;;-24.1296;15.8947;31201
24 Jul 2018;;;;;-24.1296;15.8947;31201
25 Jul 2018;;;;;-24.1296;15.8947;31201
26 Jul 2018;;;;;-24.1296;15.8947;31201
27 Jul 2018;;;;;-24.1296;15.8947;31201
28 Jul 2018;;;;;-24.1296;15.8947;31201
29 Jul 2018;;;;;-24.1296;15.8947;31201
30 Jul 2018;;;;;-24.1296;15.8947;31201
31 Jul 2018;;;;;-24.1296;15.8947;31201
01 Aug 2018;;;;;-24.1296;15.8947;31201
02 Aug 2018;;;;;-24.1296;15.8947;31201
03 Aug 2018;;;;;-24.1296;15.8947;31201
04 Aug 2018;;;;;-24.1296;15.8947;31201
05 Aug 2018;;;;;-24.1296;15.8947;31201
06 Aug 2018;;;;;-24.1296;15.8947;31201
07 Aug 2018;;;;;-24.1296;15.8947;31201
08 Aug 2018;;;;;-24.1296;15.8947;31201
09 Aug 2018;;;;;-24.1296;15.8947;31201
10 Aug 2018;;;;;-24.1296;15.8947;31201
11 Aug 2018;;;;;-24.1296;15.8947;31201
12 Aug 2018;;;;;-24.1296;15.8947;31201
13 Aug 2018;;;;;-24.1296;15.8947;31201
14 Aug 2018;;;;;-24.1296;15.8947;31201
15 Aug 2018;;;;;-24.1296;15.8947;31201
16 Aug 2018;;;;;-24.1296;15.8947;31201
17 Aug 2018;;;;;-24.1296;15.8947;31201
18 Aug 2018;;;;;-24.1296;15.8947;31201
19 Aug 2018;;;;;-24.1296;15.8947;31201
20 Aug 2018;;;;;-24.1296;15.8947;31201
21 Aug 2018;;;;;-24.1296;15.8947;31201
22 Aug 2018;;;;;-24.1296;15.8947;31201
23 Aug 2018;;;;;-24.1296;15.8947;31201
24 Aug 2018;;;;;-24.1296;15.8947;31201
25 Aug 2018;;;;;-24.1296;15.8947;31201
26 Aug 2018;;;;;-24.1296;15.8947;31201
27 Aug 2018;;;;;-24.1296;15.8947;31201
28 Aug 2018;;;;;-24.1296;15.8947;31201
29 Aug 2018;;;;;-24.1296;15.8947;31201
30 Aug 2018;;;;;-24.1296;15.8947;31201
31 Aug 2018;;;;;-24.1296;15.8947;31201
01 May 2019;;;;;-24.1296;15.8947;31201
02 May 2019;;;;;-24.1296;15.8947;31201
03 May 2019;;;;;-24.1296;15.8947;31201
04 May 2019;;;;;-24.1296;15.8947;31201
05 May 2019;;;;;-24.1296;15.8947;31201
06 May 2019;;;;;-24.1296;15.8947;31201
07 May 2019;;;;;-24.1296;15.8947;31201
08 May 2019;;;;;-24.1296;15.8947;31201
09 May 2019;;;;;-24.1296;15.8947;31201
10 May 2019;;;;;-24.1296;15.8947;31201
11 May 2019;;;;;-24.1296;15.8947;31201
12 May 2019;;;;;-24.1296;15.8947;31201
13 May 2019;;;;;-24.1296;15.8947;31201
14 May 2019;;;;;-24.1296;15.8947;31201
15 May 2019;;;;;-24.1296;15.8947;31201
16 May 2019;;;;;-24.1296;15.8947;31201
17 May 2019;;;;;-24.1296;15.8947;31201
18 May 2019;;;;;-24.1296;15.8947;31201
19 May 2019;;;;;-24.1296;15.8947;31201
20 May 2019;;;;;-24.1296;15.8947;31201
21 May 2019;;;;;-24.1296;15.8947;31201
22 May 2019;;;;;-24.1296;15.8947;31201
23 May 2019;;;;;-24.1296;15.8947;31201
24 May 2019;;;;;-24.1296;15.8947;31201
25 May 2019;;;;;-24.1296;15.8947;31201
26 May 2019;;;;;-24.1296;15.8947;31201
27 May 2019;;;;;-24.1296;15.8947;31201
28 May 2019;;;;;-24.1296;15.8947;31201
29 May 2019;;;;;-24.1296;15.8947;31201
30 May 2019;;;;;-24.1296;15.8947;31201
31 May 2019;;;;;-24.1296;15.8947;31201
01 Jun 2019;;;;;-24.1296;15.8947;31201
02 Jun 2019;;;;;-24.1296;15.8947;31201
03 Jun 2019;;;;;-24.1296;15.8947;31201
04 Jun 2019;;;;;-24.1296;15.8947;31201
05 Jun 2019;;;;;-24.1296;15.8947;31201
06 Jun 2019;;;;;-24.1296;15.8947;31201
07 Jun 2019;;;;;-24.1296;15.8947;31201
08 Jun 2019;;;;;-24.1296;15.8947;31201
09 Jun 2019;;;;;-24.1296;15.8947;31201
10 Jun 2019;;;;;-24.1296;15.8947;31201
11 Jun 2019;;;;;-24.1296;15.8947;31201
12 Jun 2019;;;;;-24.1296;15.8947;31201
13 Jun 2019;;;;;-24.1296;15.8947;31201
14 Jun 2019;;;;;-24.1296;15.8947;31201
15 Jun 2019;;;;;-24.1296;15.8947;31201
16 Jun 2019;;;;;-24.1296;15.8947;31201
17 Jun 2019;;;;;-24.1296;15.8947;31201
18 Jun 2019;;;;;-24.1296;15.8947;31201
19 Jun 2019;;;;;-24.1296;15.8947;31201
20 Jun 2019;;;;;-24.1296;15.8947;31201
21 Jun 2019;;;;;-24.1296;15.8947;31201
22 Jun 2019;;;;;-24.1296;15.8947;31201
23 Jun 2019;;;;;-24.1296;15.8947;31201
24 Jun 2019;;;;;-24.1296;15.8947;31201
25 Jun 2019;;;;;-24.1296;15.8947;31201
26 Jun 2019;;;;;-24.1296;15.8947;31201
27 Jun 2019;;;;;-24.1296;15.8947;31201
28 Jun 2019;;;;;-24.1296;15.8947;31201
29 Jun 2019;;;;;-24.1296;15.8947;31201
30 Jun 2019;;;;;-24.1296;15.8947;31201
01 Jul 2019;;;;;-24.1296;15.8947;31201
02 Jul 2019;;;;;-24.1296;15.8947;31201
03 Jul 2019;;;;;-24.1296;15.8947;31201
04 Jul 2019;;;;;-24.1296;15.8947;31201
05 Jul 2019;;;;;-24.1296;15.8947;31201
06 Jul 2019;;;;;-24.1296;15.8947;31201
07 Jul 2019;;;;;-24.1296;15.8947;31201
08 Jul 2019;;;;;-24.1296;15.8947;31201
09 Jul 2019;;;;;-24.1296;15.8947;31201
10 Jul 2019;;;;;-24.1296;15.8947;31201
11 Jul 2019;;;;;-24.1296;15.8947;31201
12 Jul 2019;;;;;-24.1296;15.8947;31201
13 Jul 2019;;;;;-24.1296;15.8947;31201
14 Jul 2019;;;;;-24.1296;15.8947;31201
15 Jul 2019;;;;;-24.1296;15.8947;31201
16 Jul 2019;;;;;-24.1296;15.8947;31201
17 Jul 2019;;;;;-24.1296;15.8947;31201
18 Jul 2019;;;;;-24.1296;15.8947;31201
19 Jul 2019;;;;;-24.1296;15.8947;31201
20 Jul 2019;;;;;-24.1296;15.8947;31201
21 Jul 2019;;;;;-24.1296;15.8947;31201
22 Jul 2019;;;;;-24.1296;15.8947;31201
23 Jul 2019;;;;;-24.1296;15.8947;31201
24 Jul 2019;;;;;-24.1296;15.8947;31201
25 Jul 2019;;;;;-24.1296;15.8947;31201
26 Jul 2019;;;;;-24.1296;15.8947;31201
27 Jul 2019;;;;;-24.1296;15.8947;31201
28 Jul 2019;;;;;-24.1296;15.8947;31201
29 Jul 2019;;;;;-24.1296;15.8947;31201
30 Jul 2019;;;;;-24.1296;15.8947;31201
31 Jul 2019;;;;;-24.1296;15.8947;31201
01 Aug 2019;;;;;-24.1296;15.8947;31201
02 Aug 2019;;;;;-24.1296;15.8947;31201
03 Aug 2019;;;;;-24.1296;15.8947;31201
04 Aug 2019;;;;;-24.1296;15.8947;31201
05 Aug 2019;;;;;-24.1296;15.8947;31201
06 Aug 2019;;;;;-24.1296;15.8947;31201
07 Aug 2019;;;;;-24.1296;15.8947;31201
08 Aug 2019;;;;;-24.1296;15.8947;31201
09 Aug 2019;;;;;-24.1296;15.8947;31201
10 Aug 2019;;;;;-24.1296;15.8947;31201
11 Aug 2019;;;;;-24.1296;15.8947;31201
12 Aug 2019;;;;;-24.1296;15.8947;31201
13 Aug 2019;;;;;-24.1296;15.8947;31201
14 Aug 2019;;;;;-24.1296;15.8947;31201
15 Aug 2019;;;;;-24.1296;15.8947;31201
16 Aug 2019;;;;;-24.1296;15.8947;31201
17 Aug 2019;;;;;-24.1296;15.8947;31201
18 Aug 2019;;;;;-24.1296;15.8947;31201
19 Aug 2019;;;;;-24.1296;15.8947;31201
20 Aug 2019;;;;;-24.1296;15.8947;31201
21 Aug 2019;;;;;-24.1296;15.8947;31201
22 Aug 2019;;;;;-24.1296;15.8947;31201
23 Aug 2019;;;;;-24.1296;15.8947;31201
24 Aug 2019;;;;;-24.1296;15.8947;31201
25 Aug 2019;;;;;-24.1296;15.8947;31201
26 Aug 2019;;;;;-24.1296;15.8947;31201
27 Aug 2019;;;;;-24.1296;15.8947;31201
28 Aug 2019;;;;;-24.1296;15.8947;31201
29 Aug 2019;;;;;-24.1296;15.8947;31201
30 Aug 2019;;;;;-24.1296;15.8947;31201
31 Aug 2019;;;;;-24.1296;15.8947;31201
01 May 2020;0.6;307.5967731848;6.3;27.59;-24.1296;15.8947;31201
02 May 2020;2.1;229.62868812785;5.4;226.6;-24.1296;15.8947;31201
03 May 2020;1.6;241.31332867402;5.1;283.9;-24.1296;15.8947;31201
04 May 2020;1.3;193.343024182;5.0;220.4;-24.1296;15.8947;31201
05 May 2020;2.0;96.942989677391;6.7;23.16;-24.1296;15.8947;31201
06 May 2020;2.5;68.810370239399;8.6;40.16;-24.1296;15.8947;31201
07 May 2020;1.5;132.9642798591;5.6;180.4;-24.1296;15.8947;31201
08 May 2020;2.4;189.04629409928;7.2;176.0;-24.1296;15.8947;31201
09 May 2020;0.6;46.322738570642;4.5;4.34;-24.1296;15.8947;31201
10 May 2020;2.6;21.040541585;9.3;27.12;-24.1296;15.8947;31201
11 May 2020;1.6;0.88438160922703;7.0;327.8;-24.1296;15.8947;31201
12 May 2020;2.0;218.3002084752;6.7;229.8;-24.1296;15.8947;31201
13 May 2020;0.5;237.97332332071;3.3;260.3;-24.1296;15.8947;31201
14 May 2020;0.4;284.47785414276;8.2;27.88;-24.1296;15.8947;31201
15 May 2020;1.5;223.34101820969;3.9;230.8;-24.1296;15.8947;31201
16 May 2020;1.0;165.96627192987;4.5;184.8;-24.1296;15.8947;31201
17 May 2020;0.7;226.3307235098;4.9;210.5;-24.1296;15.8947;31201
18 May 2020;1.2;64.198046668975;5.8;32.98;-24.1296;15.8947;31201
19 May 2020;2.8;25.859019974082;7.7;34.95;-24.1296;15.8947;31201
20 May 2020;2.8;3.5708537661706;6.8;24.9;-24.1296;15.8947;31201
21 May 2020;1.2;239.86931691398;4.7;214.0;-24.1296;15.8947;31201
22 May 2020;1.0;223.45091822484;5.3;216.8;-24.1296;15.8947;31201
23 May 2020;1.0;242.50074183399;5.5;228.6;-24.1296;15.8947;31201
24 May 2020;1.6;269.2301878157;5.9;341.0;-24.1296;15.8947;31201
25 May 2020;1.9;230.91451281438;4.9;214.3;-24.1296;15.8947;31201
26 May 2020;1.0;277.59373820967;3.3;257.6;-24.1296;15.8947;31201
27 May 2020;0.9;169.83527022584;3.9;182.6;-24.1296;15.8947;31201
28 May 2020;1.5;268.95718692618;4.6;312.0;-24.1296;15.8947;31201
29 May 2020;1.0;272.93877241036;4.3;340.8;-24.1296;15.8947;31201
30 May 2020;1.0;250.7604074965;3.7;329.6;-24.1296;15.8947;31201
31 May 2020;1.0;229.57067370445;5.7;334.6;-24.1296;15.8947;31201
01 Jun 2020;0.6;278.63956982108;4.2;342.9;-24.1296;15.8947;31201
02 Jun 2020;0.5;223.50684797438;5.6;359.5;-24.1296;15.8947;31201
03 Jun 2020;1.0;249.94386034566;5.2;211.3;-24.1296;15.8947;31201
04 Jun 2020;1.2;231.11046919056;5.8;302.3;-24.1296;15.8947;31201
05 Jun 2020;1.1;171.51317687166;4.6;178.2;-24.1296;15.8947;31201
06 Jun 2020;0.2;9.7090189030444;6.7;22.02;-24.1296;15.8947;31201
07 Jun 2020;0.3;355.0928813177;7.0;35.91;-24.1296;15.8947;31201
08 Jun 2020;2.8;330.52069198772;6.9;327.1;-24.1296;15.8947;31201
09 Jun 2020;3.4;309.98926596534;6.4;310.5;-24.1296;15.8947;31201
10 Jun 2020;2.4;253.0486564593;5.6;182.1;-24.1296;15.8947;31201
11 Jun 2020;4.7;167.06279978834;7.8;178.8;-24.1296;15.8947;31201
12 Jun 2020;4.5;98.224398428589;6.6;96.9;-24.1296;15.8947;31201
13 Jun 2020;2.2;102.64581029431;6.1;67.79;-24.1296;15.8947;31201
14 Jun 2020;1.1;231.56405985122;3.5;330.6;-24.1296;15.8947;31201
15 Jun 2020;1.0;152.14035058561;3.4;93.1;-24.1296;15.8947;31201
16 Jun 2020;3.4;92.164826099675;5.7;66.38;-24.1296;15.8947;31201
17 Jun 2020;2.4;76.644820636408;6.5;57.3;-24.1296;15.8947;31201
18 Jun 2020;1.8;40.89074440092;6.6;14.77;-24.1296;15.8947;31201
19 Jun 2020;1.0;24.65662001809;5.0;13.83;-24.1296;15.8947;31201
20 Jun 2020;1.6;266.13938230154;5.4;334.8;-24.1296;15.8947;31201
21 Jun 2020;0.9;211.97206966534;3.0;199.7;-24.1296;15.8947;31201
22 Jun 2020;0.7;232.46945650356;3.8;339.5;-24.1296;15.8947;31201
23 Jun 2020;0.5;324.53369144696;5.0;21.19;-24.1296;15.8947;31201
24 Jun 2020;2.3;349.74550793147;7.9;357.4;-24.1296;15.8947;31201
25 Jun 2020;1.5;271.48026113379;5.0;295.8;-24.1296;15.8947;31201
26 Jun 2020;1.2;236.18577933237;3.5;296.1;-24.1296;15.8947;31201
27 Jun 2020;2.3;185.65508875525;4.4;181.8;-24.1296;15.8947;31201
28 Jun 2020;1.6;218.87444437949;3.7;240.8;-24.1296;15.8947;31201
29 Jun 2020;0.8;224.01519378972;4.7;2.41;-24.1296;15.8947;31201
30 Jun 2020;1.2;102.83208468505;3.3;93.0;-24.1296;15.8947;31201
01 Jul 2020;1.0;41.49333974386;5.9;21.15;-24.1296;15.8947;31201
02 Jul 2020;0.6;187.81604239781;2.9;323.4;-24.1296;15.8947;31201
03 Jul 2020;2.3;89.445077236915;5.4;58.6;-24.1296;15.8947;31201
04 Jul 2020;1.9;143.81616588948;4.0;181.4;-24.1296;15.8947;31201
05 Jul 2020;1.5;88.740763710316;4.4;41.65;-24.1296;15.8947;31201
06 Jul 2020;1.3;293.86094450581;5.2;218.2;-24.1296;15.8947;31201
07 Jul 2020;1.0;224.59883239583;6.6;191.8;-24.1296;15.8947;31201
08 Jul 2020;3.0;324.37854882374;11.5;330.4;-24.1296;15.8947;31201
09 Jul 2020;3.1;307.59363537858;9.1;312.9;-24.1296;15.8947;31201
10 Jul 2020;4.6;292.72451143146;8.7;287.5;-24.1296;15.8947;31201
11 Jul 2020;2.3;162.8817671779;5.6;183.5;-24.1296;15.8947;31201
12 Jul 2020;2.0;299.26623177288;8.7;327.2;-24.1296;15.8947;31201
13 Jul 2020;2.5;186.60041287152;5.3;207.7;-24.1296;15.8947;31201
14 Jul 2020;3.4;114.82479978829;7.3;79.04;-24.1296;15.8947;31201
15 Jul 2020;4.6;108.20372216116;6.4;113.1;-24.1296;15.8947;31201
16 Jul 2020;4.0;105.69373935354;10.0;44.76;-24.1296;15.8947;31201
17 Jul 2020;2.7;96.019190639694;6.5;55.02;-24.1296;15.8947;31201
18 Jul 2020;1.1;146.50754726576;5.7;78.32;-24.1296;15.8947;31201
19 Jul 2020;0.5;21.986596352619;6.0;58.8;-24.1296;15.8947;31201
20 Jul 2020;1.4;9.9898973277521;5.3;22.65;-24.1296;15.8947;31201
21 Jul 2020;0.9;286.05650547348;6.0;339.8;-24.1296;15.8947;31201
22 Jul 2020;0.6;130.90022155644;6.4;28.51;-24.1296;15.8947;31201
23 Jul 2020;2.0;86.243434368325;6.4;41.67;-24.1296;15.8947;31201
24 Jul 2020;2.7;39.220803484006;8.2;34.99;-24.1296;15.8947;31201
25 Jul 2020;0.6;26.398348198539;6.7;10.85;-24.1296;15.8947;31201
26 Jul 2020;1.8;104.76564485084;3.9;57.91;-24.1296;15.8947;31201
27 Jul 2020;1.3;69.230212543776;7.0;32.19;-24.1296;15.8947;31201
28 Jul 2020;1.3;268.91531281583;6.5;343.6;-24.1296;15.8947;31201
29 Jul 2020;2.1;199.77139291411;5.4;204.5;-24.1296;15.8947;31201
30 Jul 2020;3.9;62.825158015599;9.4;41.13;-24.1296;15.8947;31201
31 Jul 2020;3.5;47.092165761732;9.1;21.98;-24.1296;15.8947;31201
01 Aug 2020;3.2;29.172387151748;8.3;43.51;-24.1296;15.8947;31201
02 Aug 2020;1.2;16.264040650088;6.1;21.9;-24.1296;15.8947;31201
03 Aug 2020;1.1;234.79201172758;5.7;208.3;-24.1296;15.8947;31201
04 Aug 2020;1.5;249.76613158049;4.4;266.2;-24.1296;15.8947;31201
05 Aug 2020;1.6;249.30096341203;5.3;263.4;-24.1296;15.8947;31201
06 Aug 2020;2.9;114.54517192792;8.2;93.8;-24.1296;15.8947;31201
07 Aug 2020;3.5;49.633021271173;8.2;87.3;-24.1296;15.8947;31201
08 Aug 2020;3.1;297.6995992053;6.3;280.8;-24.1296;15.8947;31201
09 Aug 2020;1.4;180.65429121278;3.9;180.0;-24.1296;15.8947;31201
10 Aug 2020;0.6;251.44295560533;4.7;274.6;-24.1296;15.8947;31201
11 Aug 2020;1.9;188.12386024343;4.1;176.9;-24.1296;15.8947;31201
12 Aug 2020;2.7;184.71057241167;5.0;183.1;-24.1296;15.8947;31201
13 Aug 2020;2.8;101.79783967437;6.2;97.8;-24.1296;15.8947;31201
14 Aug 2020;1.6;308.44397605798;8.1;308.0;-24.1296;15.8947;31201
15 Aug 2020;1.8;215.62919085826;5.9;189.8;-24.1296;15.8947;31201
16 Aug 2020;0.9;185.13749837686;3.4;150.2;-24.1296;15.8947;31201
17 Aug 2020;2.7;222.52122625412;6.8;296.8;-24.1296;15.8947;31201
18 Aug 2020;3.8;129.35857186201;7.8;144.8;-24.1296;15.8947;31201
19 Aug 2020;4.4;107.28216015872;6.4;106.1;-24.1296;15.8947;31201
20 Aug 2020;2.0;158.88123803098;5.2;175.6;-24.1296;15.8947;31201
21 Aug 2020;1.5;105.64507737728;3.7;95.9;-24.1296;15.8947;31201
22 Aug 2020;1.5;110.6368615663;5.3;43.02;-24.1296;15.8947;31201
23 Aug 2020;0.9;271.37772989014;6.1;354.6;-24.1296;15.8947;31201
24 Aug 2020;1.5;272.69367328039;5.4;336.4;-24.1296;15.8947;31201
25 Aug 2020;2.0;285.06414780799;5.5;300.3;-24.1296;15.8947;31201
26 Aug 2020;2.0;285.68115742817;5.0;296.4;-24.1296;15.8947;31201
27 Aug 2020;1.1;222.49006559016;4.1;211.5;-24.1296;15.8947;31201
28 Aug 2020;1.7;241.05269750721;5.0;230.8;-24.1296;15.8947;31201
29 Aug 2020;3.5;192.63679119423;9.2;187.0;-24.1296;15.8947;31201
30 Aug 2020;2.2;140.6322802223;4.3;92.4;-24.1296;15.8947;31201
31 Aug 2020;1.3;157.7155217719;4.3;191.6;-24.1296;15.8947;31201
01 May 2021;2.8;58.468871745184;6.1;71.43;-24.1296;15.8947;31201
02 May 2021;1.8;29.064770334857;6.3;80.9;-24.1296;15.8947;31201
03 May 2021;1.3;255.64757994738;5.2;208.2;-24.1296;15.8947;31201
04 May 2021;1.3;250.53372509019;5.3;225.8;-24.1296;15.8947;31201
05 May 2021;1.3;240.3895524015;4.5;202.8;-24.1296;15.8947;31201
06 May 2021;2.5;278.57582768181;6.4;305.8;-24.1296;15.8947;31201
07 May 2021;1.3;235.80794814258;4.4;191.8;-24.1296;15.8947;31201
08 May 2021;1.1;143.09943877759;4.0;190.4;-24.1296;15.8947;31201
09 May 2021;1.6;99.077757732622;4.4;100.5;-24.1296;15.8947;31201
10 May 2021;2.3;107.84794676926;3.8;91.6;-24.1296;15.8947;31201
11 May 2021;2.8;173.68425344718;7.6;180.6;-24.1296;15.8947;31201
12 May 2021;1.2;244.84915346479;5.1;325.9;-24.1296;15.8947;31201
13 May 2021;1.0;287.49755734368;6.1;339.1;-24.1296;15.8947;31201
14 May 2021;1.2;264.67332336824;4.6;331.8;-24.1296;15.8947;31201
15 May 2021;2.0;239.49528472195;5.7;287.2;-24.1296;15.8947;31201
16 May 2021;0.7;223.15416563038;2.7;302.2;-24.1296;15.8947;31201
17 May 2021;1.2;240.86646721951;3.6;255.1;-24.1296;15.8947;31201
18 May 2021;1.7;313.90269217359;8.2;355.0;-24.1296;15.8947;31201
19 May 2021;2.7;292.43474993807;7.8;302.5;-24.1296;15.8947;31201
20 May 2021;1.3;264.25865044775;3.9;297.8;-24.1296;15.8947;31201
21 May 2021;1.2;131.56966616111;3.1;107.2;-24.1296;15.8947;31201
22 May 2021;1.6;75.9722713137;4.3;20.85;-24.1296;15.8947;31201
23 May 2021;0.5;44.548729684636;4.7;14.18;-24.1296;15.8947;31201
24 May 2021;1.1;285.37378887099;5.5;342.4;-24.1296;15.8947;31201
25 May 2021;1.9;294.1076255374;6.0;340.9;-24.1296;15.8947;31201
26 May 2021;1.4;209.07518702052;5.2;196.6;-24.1296;15.8947;31201
27 May 2021;1.2;245.11016907548;4.7;186.0;-24.1296;15.8947;31201
28 May 2021;2.2;190.2579888763;5.0;212.3;-24.1296;15.8947;31201
29 May 2021;1.0;242.54502628181;4.2;241.0;-24.1296;15.8947;31201
30 May 2021;1.6;225.28522760478;3.7;235.1;-24.1296;15.8947;31201
31 May 2021;2.8;182.88038256393;5.3;190.5;-24.1296;15.8947;31201
01 Jun 2021;3.3;110.92524403145;5.4;101.3;-24.1296;15.8947;31201
02 Jun 2021;3.5;117.58558399947;4.6;101.2;-24.1296;15.8947;31201
03 Jun 2021;3.0;94.605806663955;6.2;67.66;-24.1296;15.8947;31201
04 Jun 2021;2.7;73.703129139879;6.1;56.77;-24.1296;15.8947;31201
05 Jun 2021;4.1;46.437750869967;8.3;22.31;-24.1296;15.8947;31201
06 Jun 2021;2.3;15.858322789412;6.5;20.33;-24.1296;15.8947;31201
07 Jun 2021;4.8;326.68836399752;10.4;312.4;-24.1296;15.8947;31201
08 Jun 2021;2.6;298.42460959501;6.2;292.2;-24.1296;15.8947;31201
09 Jun 2021;1.6;308.90548766333;5.3;326.6;-24.1296;15.8947;31201
10 Jun 2021;1.6;288.78524235412;6.0;293.5;-24.1296;15.8947;31201
11 Jun 2021;2.1;316.20253171267;7.8;323.0;-24.1296;15.8947;31201
12 Jun 2021;2.8;320.42019290043;9.5;352.6;-24.1296;15.8947;31201
13 Jun 2021;0.7;264.06174733978;4.5;346.3;-24.1296;15.8947;31201
14 Jun 2021;1.3;245.87182239846;4.4;206.0;-24.1296;15.8947;31201
15 Jun 2021;2.0;292.27669916998;6.2;294.7;-24.1296;15.8947;31201
16 Jun 2021;2.5;301.6140636639;5.0;326.2;-24.1296;15.8947;31201
17 Jun 2021;0.9;268.11590814921;4.2;331.9;-24.1296;15.8947;31201
18 Jun 2021;3.2;72.317664493729;9.7;34.23;-24.1296;15.8947;31201
19 Jun 2021;4.7;37.602628957912;9.6;33.37;-24.1296;15.8947;31201
20 Jun 2021;2.6;44.017423628838;6.0;32.37;-24.1296;15.8947;31201
21 Jun 2021;1.8;355.93875877932;5.4;0.84;-24.1296;15.8947;31201
22 Jun 2021;1.7;289.72371575189;6.2;327.2;-24.1296;15.8947;31201
23 Jun 2021;1.5;272.50448423952;5.6;303.6;-24.1296;15.8947;31201
24 Jun 2021;1.3;251.72999510776;4.4;306.8;-24.1296;15.8947;31201
25 Jun 2021;1.5;237.37812277566;4.6;298.2;-24.1296;15.8947;31201
26 Jun 2021;0.9;245.43762772413;3.4;312.7;-24.1296;15.8947;31201
27 Jun 2021;3.2;303.1042442981;9.4;304.3;-24.1296;15.8947;31201
28 Jun 2021;3.7;311.08957626242;6.9;304.8;-24.1296;15.8947;31201
29 Jun 2021;5.1;312.51390383703;10.6;295.5;-24.1296;15.8947;31201
30 Jun 2021;1.3;281.74618640128;5.1;336.1;-24.1296;15.8947;31201
01 Jul 2021;2.0;189.34254393242;4.0;189.4;-24.1296;15.8947;31201
02 Jul 2021;1.3;265.7113200852;5.3;315.5;-24.1296;15.8947;31201
03 Jul 2021;1.5;244.74040896548;5.0;309.5;-24.1296;15.8947;31201
04 Jul 2021;1.8;201.81965996271;3.1;201.3;-24.1296;15.8947;31201
05 Jul 2021;0.6;226.81321104326;4.4;317.6;-24.1296;15.8947;31201
06 Jul 2021;1.1;265.623441695;4.7;316.3;-24.1296;15.8947;31201
07 Jul 2021;1.7;286.18067241489;6.6;312.0;-24.1296;15.8947;31201
08 Jul 2021;1.8;290.89729874189;4.9;306.0;-24.1296;15.8947;31201
09 Jul 2021;1.4;254.71403713533;5.4;314.3;-24.1296;15.8947;31201
10 Jul 2021;1.3;244.4854674567;5.4;316.8;-24.1296;15.8947;31201
11 Jul 2021;2.4;304.98460280486;7.2;328.3;-24.1296;15.8947;31201
12 Jul 2021;2.0;229.12696358814;6.4;181.6;-24.1296;15.8947;31201
13 Jul 2021;3.0;123.5147382611;6.3;179.7;-24.1296;15.8947;31201
14 Jul 2021;3.1;106.56787723641;5.4;110.6;-24.1296;15.8947;31201
15 Jul 2021;1.1;148.9227968116;3.3;138.1;-24.1296;15.8947;31201
16 Jul 2021;0.6;130.53346499924;4.6;19.69;-24.1296;15.8947;31201
17 Jul 2021;1.6;102.07535822682;4.5;118.1;-24.1296;15.8947;31201
18 Jul 2021;3.1;43.354435646997;8.7;35.61;-24.1296;15.8947;31201
19 Jul 2021;0.8;232.3664637002;4.3;222.1;-24.1296;15.8947;31201
20 Jul 2021;1.5;232.96541986876;4.7;196.1;-24.1296;15.8947;31201
21 Jul 2021;1.9;159.06264790641;4.0;197.4;-24.1296;15.8947;31201
22 Jul 2021;1.5;119.0620143843;3.4;153.4;-24.1296;15.8947;31201
23 Jul 2021;2.3;116.74707170103;4.4;109.9;-24.1296;15.8947;31201
24 Jul 2021;2.1;116.31718512141;4.0;51.42;-24.1296;15.8947;31201
25 Jul 2021;0.9;79.524394461038;4.7;16.65;-24.1296;15.8947;31201
26 Jul 2021;3.3;335.18130021977;6.8;334.4;-24.1296;15.8947;31201
27 Jul 2021;1.8;304.06773105838;5.3;337.3;-24.1296;15.8947;31201
28 Jul 2021;1.6;245.89182128658;4.4;213.1;-24.1296;15.8947;31201
29 Jul 2021;2.0;95.970446766821;6.3;35.52;-24.1296;15.8947;31201
30 Jul 2021;3.5;92.404382111331;6.0;83.2;-24.1296;15.8947;31201
31 Jul 2021;2.8;43.393905799568;7.4;35.68;-24.1296;15.8947;31201
01 Aug 2021;1.1;107.66191817686;4.6;57.28;-24.1296;15.8947;31201
02 Aug 2021;1.7;6.4676108990026;5.7;8.75;-24.1296;15.8947;31201
03 Aug 2021;1.9;292.39719081963;7.0;282.9;-24.1296;15.8947;31201
04 Aug 2021;1.4;275.03576252826;3.7;292.5;-24.1296;15.8947;31201
05 Aug 2021;1.1;243.09850250696;4.3;237.0;-24.1296;15.8947;31201
06 Aug 2021;1.2;273.88956809839;4.7;302.7;-24.1296;15.8947;31201
07 Aug 2021;2.0;291.07342175225;7.0;322.1;-24.1296;15.8947;31201
08 Aug 2021;1.6;204.8274883189;5.5;208.1;-24.1296;15.8947;31201
09 Aug 2021;0.5;168.2082368599;5.2;80.8;-24.1296;15.8947;31201
10 Aug 2021;2.6;45.003081497929;8.4;64.44;-24.1296;15.8947;31201
11 Aug 2021;3.6;301.38471690906;7.5;295.2;-24.1296;15.8947;31201
12 Aug 2021;1.3;307.51453041879;4.8;315.6;-24.1296;15.8947;31201
13 Aug 2021;3.9;100.99317307624;6.5;95.2;-24.1296;15.8947;31201
14 Aug 2021;2.1;70.317600934452;5.6;85.3;-24.1296;15.8947;31201
15 Aug 2021;2.0;281.1257564025;5.0;319.5;-24.1296;15.8947;31201
16 Aug 2021;2.3;302.36666219509;6.9;307.7;-24.1296;15.8947;31201
17 Aug 2021;2.4;299.98279776978;6.7;299.3;-24.1296;15.8947;31201
18 Aug 2021;1.0;249.75213724113;3.6;303.5;-24.1296;15.8947;31201
19 Aug 2021;2.1;190.80922576749;5.1;208.9;-24.1296;15.8947;31201
20 Aug 2021;1.6;282.67825886182;4.4;296.4;-24.1296;15.8947;31201
21 Aug 2021;1.6;198.85312567592;3.9;192.1;-24.1296;15.8947;31201
22 Aug 2021;2.0;80.58643830957;7.4;89.8;-24.1296;15.8947;31201
23 Aug 2021;1.5;283.85655765326;5.3;292.8;-24.1296;15.8947;31201
24 Aug 2021;1.4;271.14428981595;6.1;305.1;-24.1296;15.8947;31201
25 Aug 2021;2.8;302.35871089233;7.3;316.3;-24.1296;15.8947;31201
26 Aug 2021;1.4;227.13126182882;4.0;234.4;-24.1296;15.8947;31201
27 Aug 2021;4.0;187.74169179282;8.0;186.3;-24.1296;15.8947;31201
28 Aug 2021;4.4;118.62207313861;8.2;108.7;-24.1296;15.8947;31201
29 Aug 2021;1.4;140.88321267447;5.3;119.6;-24.1296;15.8947;31201
30 Aug 2021;1.5;222.43919585392;3.4;266.4;-24.1296;15.8947;31201
31 Aug 2021;1.3;244.37938495158;4.6;328.4;-24.1296;15.8947;31201
01 May 2022;2.5;61.017152855612;9.7;35.76;-24.1296;15.8947;31201
02 May 2022;0.7;155.75298677796;4.4;188.1;-24.1296;15.8947;31201
03 May 2022;1.6;176.31216654591;4.6;169.4;-24.1296;15.8947;31201
04 May 2022;1.4;93.305417196212;5.5;61.42;-24.1296;15.8947;31201
05 May 2022;0.2;105.06358402513;6.3;22.87;-24.1296;15.8947;31201
06 May 2022;2.0;236.53569462853;5.2;213.6;-24.1296;15.8947;31201
07 May 2022;1.7;246.69538021948;5.6;284.9;-24.1296;15.8947;31201
08 May 2022;1.3;111.99868468274;4.0;123.9;-24.1296;15.8947;31201
09 May 2022;1.5;264.60542241965;4.8;290.9;-24.1296;15.8947;31201
10 May 2022;1.8;219.48448680119;4.5;220.0;-24.1296;15.8947;31201
11 May 2022;1.6;234.54411414904;4.5;224.9;-24.1296;15.8947;31201
12 May 2022;1.5;259.33329285946;4.6;299.2;-24.1296;15.8947;31201
13 May 2022;1.6;262.42016906785;4.7;310.6;-24.1296;15.8947;31201
14 May 2022;1.0;260.87172763979;3.5;301.5;-24.1296;15.8947;31201
15 May 2022;1.1;54.280293211474;9.2;32.48;-24.1296;15.8947;31201
16 May 2022;2.4;9.3454569995856;6.9;28.99;-24.1296;15.8947;31201
17 May 2022;3.5;17.202518917176;6.5;21.58;-24.1296;15.8947;31201
18 May 2022;1.9;317.70486513423;6.5;339.8;-24.1296;15.8947;31201
19 May 2022;2.3;273.85473898011;5.5;289.2;-24.1296;15.8947;31201
20 May 2022;3.0;187.75713278708;5.2;188.8;-24.1296;15.8947;31201
21 May 2022;;;;;-24.1296;15.8947;31201
22 May 2022;;;;;-24.1296;15.8947;31201
23 May 2022;;;;;-24.1296;15.8947;31201
24 May 2022;;;;;-24.1296;15.8947;31201
25 May 2022;;;;;-24.1296;15.8947;31201
26 May 2022;;;;;-24.1296;15.8947;31201
27 May 2022;;;;;-24.1296;15.8947;31201
28 May 2022;;;;;-24.1296;15.8947;31201
29 May 2022;;;;;-24.1296;15.8947;31201
30 May 2022;;;;;-24.1296;15.8947;31201
31 May 2022;;;;;-24.1296;15.8947;31201
01 Jun 2022;;;;;-24.1296;15.8947;31201
02 Jun 2022;;;;;-24.1296;15.8947;31201
03 Jun 2022;;;;;-24.1296;15.8947;31201
04 Jun 2022;;;;;-24.1296;15.8947;31201
05 Jun 2022;;;;;-24.1296;15.8947;31201
06 Jun 2022;;;;;-24.1296;15.8947;31201
07 Jun 2022;;;;;-24.1296;15.8947;31201
08 Jun 2022;;;;;-24.1296;15.8947;31201
09 Jun 2022;;;;;-24.1296;15.8947;31201
10 Jun 2022;;;;;-24.1296;15.8947;31201
11 Jun 2022;;;;;-24.1296;15.8947;31201
12 Jun 2022;;;;;-24.1296;15.8947;31201
13 Jun 2022;;;;;-24.1296;15.8947;31201
14 Jun 2022;;;;;-24.1296;15.8947;31201
15 Jun 2022;;;;;-24.1296;15.8947;31201
16 Jun 2022;;;;;-24.1296;15.8947;31201
17 Jun 2022;;;;;-24.1296;15.8947;31201
18 Jun 2022;;;;;-24.1296;15.8947;31201
19 Jun 2022;;;;;-24.1296;15.8947;31201
20 Jun 2022;;;;;-24.1296;15.8947;31201
21 Jun 2022;;;;;-24.1296;15.8947;31201
22 Jun 2022;;;;;-24.1296;15.8947;31201
23 Jun 2022;;;;;-24.1296;15.8947;31201
24 Jun 2022;;;;;-24.1296;15.8947;31201
25 Jun 2022;;;;;-24.1296;15.8947;31201
26 Jun 2022;;;;;-24.1296;15.8947;31201
27 Jun 2022;;;;;-24.1296;15.8947;31201
28 Jun 2022;;;;;-24.1296;15.8947;31201
29 Jun 2022;;;;;-24.1296;15.8947;31201
30 Jun 2022;;;;;-24.1296;15.8947;31201
01 Jul 2022;;;;;-24.1296;15.8947;31201
02 Jul 2022;;;;;-24.1296;15.8947;31201
03 Jul 2022;;;;;-24.1296;15.8947;31201
04 Jul 2022;;;;;-24.1296;15.8947;31201
05 Jul 2022;;;;;-24.1296;15.8947;31201
06 Jul 2022;;;;;-24.1296;15.8947;31201
07 Jul 2022;;;;;-24.1296;15.8947;31201
08 Jul 2022;;;;;-24.1296;15.8947;31201
09 Jul 2022;;;;;-24.1296;15.8947;31201
10 Jul 2022;;;;;-24.1296;15.8947;31201
11 Jul 2022;;;;;-24.1296;15.8947;31201
12 Jul 2022;;;;;-24.1296;15.8947;31201
13 Jul 2022;;;;;-24.1296;15.8947;31201
14 Jul 2022;;;;;-24.1296;15.8947;31201
15 Jul 2022;;;;;-24.1296;15.8947;31201
16 Jul 2022;;;;;-24.1296;15.8947;31201
17 Jul 2022;;;;;-24.1296;15.8947;31201
18 Jul 2022;;;;;-24.1296;15.8947;31201
19 Jul 2022;;;;;-24.1296;15.8947;31201
20 Jul 2022;;;;;-24.1296;15.8947;31201
21 Jul 2022;;;;;-24.1296;15.8947;31201
22 Jul 2022;;;;;-24.1296;15.8947;31201
23 Jul 2022;;;;;-24.1296;15.8947;31201
24 Jul 2022;;;;;-24.1296;15.8947;31201
25 Jul 2022;;;;;-24.1296;15.8947;31201
26 Jul 2022;;;;;-24.1296;15.8947;31201
27 Jul 2022;;;;;-24.1296;15.8947;31201
28 Jul 2022;;;;;-24.1296;15.8947;31201
29 Jul 2022;;;;;-24.1296;15.8947;31201
30 Jul 2022;;;;;-24.1296;15.8947;31201
31 Jul 2022;;;;;-24.1296;15.8947;31201
01 Aug 2022;;;;;-24.1296;15.8947;31201
02 Aug 2022;;;;;-24.1296;15.8947;31201
03 Aug 2022;;;;;-24.1296;15.8947;31201
04 Aug 2022;;;;;-24.1296;15.8947;31201
05 Aug 2022;;;;;-24.1296;15.8947;31201
06 Aug 2022;;;;;-24.1296;15.8947;31201
07 Aug 2022;;;;;-24.1296;15.8947;31201
08 Aug 2022;;;;;-24.1296;15.8947;31201
09 Aug 2022;;;;;-24.1296;15.8947;31201
10 Aug 2022;;;;;-24.1296;15.8947;31201
11 Aug 2022;;;;;-24.1296;15.8947;31201
12 Aug 2022;;;;;-24.1296;15.8947;31201
13 Aug 2022;;;;;-24.1296;15.8947;31201
14 Aug 2022;;;;;-24.1296;15.8947;31201
15 Aug 2022;;;;;-24.1296;15.8947;31201
16 Aug 2022;;;;;-24.1296;15.8947;31201
17 Aug 2022;;;;;-24.1296;15.8947;31201
18 Aug 2022;;;;;-24.1296;15.8947;31201
19 Aug 2022;;;;;-24.1296;15.8947;31201
20 Aug 2022;;;;;-24.1296;15.8947;31201
21 Aug 2022;;;;;-24.1296;15.8947;31201
22 Aug 2022;;;;;-24.1296;15.8947;31201
23 Aug 2022;;;;;-24.1296;15.8947;31201
24 Aug 2022;;;;;-24.1296;15.8947;31201
25 Aug 2022;;;;;-24.1296;15.8947;31201
26 Aug 2022;;;;;-24.1296;15.8947;31201
27 Aug 2022;;;;;-24.1296;15.8947;31201
28 Aug 2022;;;;;-24.1296;15.8947;31201
29 Aug 2022;;;;;-24.1296;15.8947;31201
30 Aug 2022;;;;;-24.1296;15.8947;31201
31 Aug 2022;;;;;-24.1296;15.8947;31201
01 May 2023;;;;;-24.1296;15.8947;31201
02 May 2023;;;;;-24.1296;15.8947;31201
03 May 2023;;;;;-24.1296;15.8947;31201
04 May 2023;;;;;-24.1296;15.8947;31201
05 May 2023;;;;;-24.1296;15.8947;31201
06 May 2023;;;;;-24.1296;15.8947;31201
07 May 2023;;;;;-24.1296;15.8947;31201
08 May 2023;;;;;-24.1296;15.8947;31201
09 May 2023;;;;;-24.1296;15.8947;31201
10 May 2023;;;;;-24.1296;15.8947;31201
11 May 2023;;;;;-24.1296;15.8947;31201
12 May 2023;;;;;-24.1296;15.8947;31201
13 May 2023;;;;;-24.1296;15.8947;31201
14 May 2023;;;;;-24.1296;15.8947;31201
15 May 2023;;;;;-24.1296;15.8947;31201
16 May 2023;;;;;-24.1296;15.8947;31201
17 May 2023;;;;;-24.1296;15.8947;31201
18 May 2023;;;;;-24.1296;15.8947;31201
19 May 2023;;;;;-24.1296;15.8947;31201
20 May 2023;;;;;-24.1296;15.8947;31201
21 May 2023;;;;;-24.1296;15.8947;31201
22 May 2023;;;;;-24.1296;15.8947;31201
23 May 2023;;;;;-24.1296;15.8947;31201
24 May 2023;;;;;-24.1296;15.8947;31201
25 May 2023;;;;;-24.1296;15.8947;31201
26 May 2023;;;;;-24.1296;15.8947;31201
27 May 2023;;;;;-24.1296;15.8947;31201
28 May 2023;;;;;-24.1296;15.8947;31201
29 May 2023;;;;;-24.1296;15.8947;31201
30 May 2023;;;;;-24.1296;15.8947;31201
31 May 2023;;;;;-24.1296;15.8947;31201
01 Jun 2023;;;;;-24.1296;15.8947;31201
02 Jun 2023;;;;;-24.1296;15.8947;31201
03 Jun 2023;;;;;-24.1296;15.8947;31201
04 Jun 2023;;;;;-24.1296;15.8947;31201
05 Jun 2023;;;;;-24.1296;15.8947;31201
06 Jun 2023;;;;;-24.1296;15.8947;31201
07 Jun 2023;;;;;-24.1296;15.8947;31201
08 Jun 2023;;;;;-24.1296;15.8947;31201
09 Jun 2023;;;;;-24.1296;15.8947;31201
10 Jun 2023;;;;;-24.1296;15.8947;31201
11 Jun 2023;;;;;-24.1296;15.8947;31201
12 Jun 2023;;;;;-24.1296;15.8947;31201
13 Jun 2023;;;;;-24.1296;15.8947;31201
14 Jun 2023;;;;;-24.1296;15.8947;31201
15 Jun 2023;;;;;-24.1296;15.8947;31201
16 Jun 2023;;;;;-24.1296;15.8947;31201
17 Jun 2023;;;;;-24.1296;15.8947;31201
18 Jun 2023;1.4;289.15171192392;5.0;262.4;-24.1296;15.8947;31201
19 Jun 2023;1.6;185.78493523912;2.6;156.8;-24.1296;15.8947;31201
20 Jun 2023;1.2;219.93084468516;4.1;255.5;-24.1296;15.8947;31201
21 Jun 2023;1.1;247.96002188628;4.4;320.5;-24.1296;15.8947;31201
22 Jun 2023;1.4;231.63216111617;4.2;308.1;-24.1296;15.8947;31201
23 Jun 2023;1.2;230.27104220374;4.3;316.3;-24.1296;15.8947;31201
24 Jun 2023;1.8;288.52541468379;8.0;335.6;-24.1296;15.8947;31201
25 Jun 2023;1.7;282.35168260319;6.9;293.0;-24.1296;15.8947;31201
26 Jun 2023;3.6;304.76918707665;6.3;303.1;-24.1296;15.8947;31201
27 Jun 2023;3.0;271.99365409999;4.6;312.6;-24.1296;15.8947;31201
28 Jun 2023;3.1;184.48267825806;7.2;183.0;-24.1296;15.8947;31201
29 Jun 2023;1.1;126.64945335754;3.9;176.5;-24.1296;15.8947;31201
30 Jun 2023;1.8;85.968148722029;5.2;26.35;-24.1296;15.8947;31201
01 Jul 2023;0.6;134.29408674317;3.5;102.0;-24.1296;15.8947;31201
02 Jul 2023;0.3;215.307252062;3.7;328.6;-24.1296;15.8947;31201
03 Jul 2023;0.4;148.15767920354;3.7;107.1;-24.1296;15.8947;31201
04 Jul 2023;1.7;184.9732756457;5.0;178.9;-24.1296;15.8947;31201
05 Jul 2023;0.4;170.40910088967;2.9;24.07;-24.1296;15.8947;31201
06 Jul 2023;1.2;328.0066388306;6.6;351.2;-24.1296;15.8947;31201
07 Jul 2023;2.5;310.67499861385;10.1;348.6;-24.1296;15.8947;31201
08 Jul 2023;2.1;204.87968921028;4.7;184.6;-24.1296;15.8947;31201
09 Jul 2023;3.4;131.80231975904;8.5;108.3;-24.1296;15.8947;31201
10 Jul 2023;0.6;107.5543865315;4.7;115.5;-24.1296;15.8947;31201
11 Jul 2023;4.6;69.660979981623;10.5;84.2;-24.1296;15.8947;31201
12 Jul 2023;6.6;41.415107083938;11.6;25.32;-24.1296;15.8947;31201
13 Jul 2023;4.0;17.128082624792;8.7;29.59;-24.1296;15.8947;31201
14 Jul 2023;4.0;334.4979817831;9.1;339.6;-24.1296;15.8947;31201
15 Jul 2023;1.5;183.739973435;3.5;192.3;-24.1296;15.8947;31201
16 Jul 2023;1.0;111.80283886009;3.7;100.2;-24.1296;15.8947;31201
17 Jul 2023;0.5;90.746389188348;5.0;35.52;-24.1296;15.8947;31201
18 Jul 2023;1.2;236.78800478707;5.8;197.9;-24.1296;15.8947;31201
19 Jul 2023;1.1;185.31177201115;5.7;195.9;-24.1296;15.8947;31201
20 Jul 2023;0.8;161.42110059575;4.8;230.1;-24.1296;15.8947;31201
21 Jul 2023;1.2;247.29837697769;5.5;325.0;-24.1296;15.8947;31201
22 Jul 2023;1.5;258.48136171191;7.2;307.3;-24.1296;15.8947;31201
23 Jul 2023;1.3;225.61868486854;3.9;198.7;-24.1296;15.8947;31201
24 Jul 2023;1.4;301.11263738977;6.0;316.0;-24.1296;15.8947;31201
25 Jul 2023;1.3;294.60622008094;7.6;279.2;-24.1296;15.8947;31201
26 Jul 2023;1.0;290.65554921241;2.9;306.6;-24.1296;15.8947;31201
27 Jul 2023;1.7;281.49669575367;5.3;320.4;-24.1296;15.8947;31201
28 Jul 2023;2.7;302.03880360572;5.3;303.5;-24.1296;15.8947;31201
29 Jul 2023;3.0;207.66305913968;6.9;169.7;-24.1296;15.8947;31201
30 Jul 2023;1.3;142.55824838659;4.2;108.1;-24.1296;15.8947;31201
31 Jul 2023;1.5;151.39193510768;4.8;111.6;-24.1296;15.8947;31201
01 Aug 2023;2.5;99.395928760235;5.5;107.5;-24.1296;15.8947;31201
02 Aug 2023;1.2;87.905497439478;4.9;48.26;-24.1296;15.8947;31201
03 Aug 2023;4.0;326.32514643968;10.8;343.3;-24.1296;15.8947;31201
04 Aug 2023;2.2;295.27914510516;5.9;303.0;-24.1296;15.8947;31201
05 Aug 2023;1.4;258.30966764547;5.1;311.8;-24.1296;15.8947;31201
06 Aug 2023;1.3;225.56013696727;6.6;212.8;-24.1296;15.8947;31201
07 Aug 2023;1.4;188.98149051702;6.0;200.9;-24.1296;15.8947;31201
08 Aug 2023;0.8;256.6687241439;4.6;351.9;-24.1296;15.8947;31201
09 Aug 2023;1.9;40.21736581285;8.4;2.57;-24.1296;15.8947;31201
10 Aug 2023;2.5;26.690764760836;8.0;5.67;-24.1296;15.8947;31201
11 Aug 2023;1.9;294.57934674315;5.6;296.6;-24.1296;15.8947;31201
12 Aug 2023;1.8;290.84424969196;3.8;265.5;-24.1296;15.8947;31201
13 Aug 2023;3.2;322.27278898162;7.3;315.9;-24.1296;15.8947;31201
14 Aug 2023;3.4;320.97054580322;6.5;304.5;-24.1296;15.8947;31201
15 Aug 2023;4.0;313.87722574124;6.8;318.3;-24.1296;15.8947;31201
16 Aug 2023;1.8;295.55173676776;5.3;299.1;-24.1296;15.8947;31201
17 Aug 2023;1.1;267.07418551877;3.5;301.1;-24.1296;15.8947;31201
18 Aug 2023;2.0;285.27794098011;5.8;299.0;-24.1296;15.8947;31201
19 Aug 2023;1.0;298.81009825419;3.2;271.3;-24.1296;15.8947;31201
20 Aug 2023;1.4;238.97527343288;4.2;209.9;-24.1296;15.8947;31201
21 Aug 2023;2.1;187.1535015898;5.8;195.2;-24.1296;15.8947;31201
22 Aug 2023;2.1;200.77823149447;5.2;179.5;-24.1296;15.8947;31201
23 Aug 2023;2.2;180.73640142784;4.9;178.4;-24.1296;15.8947;31201
24 Aug 2023;1.5;226.4245784979;5.0;202.5;-24.1296;15.8947;31201
25 Aug 2023;2.9;190.81929390368;7.4;183.4;-24.1296;15.8947;31201
26 Aug 2023;2.1;131.77374352895;5.1;115.6;-24.1296;15.8947;31201
27 Aug 2023;3.9;82.496241945371;8.4;36.47;-24.1296;15.8947;31201
28 Aug 2023;1.8;99.725693103499;8.9;138.3;-24.1296;15.8947;31201
29 Aug 2023;1.1;312.26865750191;5.7;343.7;-24.1296;15.8947;31201
30 Aug 2023;2.2;306.80902362725;7.6;348.6;-24.1296;15.8947;31201
31 Aug 2023;1.9;283.00378486622;4.1;284.9;-24.1296;15.8947;31201
01 May 2024;0.7;222.2068651153;5.3;212.5;-24.1296;15.8947;31201
02 May 2024;1.2;357.57599595946;6.6;23.08;-24.1296;15.8947;31201
03 May 2024;2.3;320.14711973903;9.3;340.0;-24.1296;15.8947;31201
04 May 2024;1.5;212.77049128549;6.0;182.7;-24.1296;15.8947;31201
05 May 2024;0.6;291.98738929605;6.2;236.7;-24.1296;15.8947;31201
06 May 2024;1.4;273.19108312778;6.7;278.5;-24.1296;15.8947;31201
07 May 2024;2.0;223.55507467013;5.4;182.3;-24.1296;15.8947;31201
08 May 2024;1.6;199.85161144903;6.4;205.0;-24.1296;15.8947;31201
09 May 2024;1.4;262.02827451946;8.3;319.5;-24.1296;15.8947;31201
10 May 2024;1.7;215.0689484305;7.6;183.9;-24.1296;15.8947;31201
11 May 2024;2.2;178.15763358445;5.9;176.2;-24.1296;15.8947;31201
12 May 2024;2.2;198.07906548276;7.1;191.6;-24.1296;15.8947;31201
13 May 2024;1.3;215.31912925775;5.8;187.4;-24.1296;15.8947;31201
14 May 2024;1.3;229.72340346958;6.0;191.9;-24.1296;15.8947;31201
15 May 2024;1.6;98.529180185664;4.6;176.3;-24.1296;15.8947;31201
16 May 2024;3.1;66.421077780106;6.7;64.68;-24.1296;15.8947;31201
17 May 2024;0.6;85.016404807268;5.0;18.45;-24.1296;15.8947;31201
18 May 2024;1.2;168.44080713014;8.6;35.01;-24.1296;15.8947;31201
19 May 2024;0.9;226.46930230255;6.5;174.4;-24.1296;15.8947;31201
20 May 2024;0.7;41.164320657292;5.6;2.34;-24.1296;15.8947;31201
21 May 2024;1.0;5.2431211553574;7.3;28.43;-24.1296;15.8947;31201
22 May 2024;0.5;308.91520707685;4.9;20.98;-24.1296;15.8947;31201
23 May 2024;1.0;235.89109178618;5.9;344.2;-24.1296;15.8947;31201
24 May 2024;1.1;211.05984243223;5.3;175.5;-24.1296;15.8947;31201
25 May 2024;1.3;203.00901286052;4.5;183.2;-24.1296;15.8947;31201
26 May 2024;1.5;75.571958623695;6.9;39.0;-24.1296;15.8947;31201
27 May 2024;3.1;29.23449536883;8.7;34.27;-24.1296;15.8947;31201
28 May 2024;1.4;305.41416578364;6.3;355.2;-24.1296;15.8947;31201
29 May 2024;2.0;313.51607714417;7.7;2.59;-24.1296;15.8947;31201
30 May 2024;1.5;287.27142277103;4.7;306.7;-24.1296;15.8947;31201
31 May 2024;1.9;273.90165553581;4.5;296.1;-24.1296;15.8947;31201
01 Jun 2024;1.6;257.83850295839;4.7;228.6;-24.1296;15.8947;31201
02 Jun 2024;2.0;229.31651858912;4.8;241.2;-24.1296;15.8947;31201
03 Jun 2024;2.1;178.82904374828;5.8;192.9;-24.1296;15.8947;31201
04 Jun 2024;1.5;279.6720795071;5.2;317.1;-24.1296;15.8947;31201
05 Jun 2024;2.2;285.10850216824;5.0;303.3;-24.1296;15.8947;31201
06 Jun 2024;2.6;186.77831150086;6.9;180.1;-24.1296;15.8947;31201
07 Jun 2024;3.0;106.99345114916;5.1;93.1;-24.1296;15.8947;31201
08 Jun 2024;3.8;85.956853565524;6.1;58.95;-24.1296;15.8947;31201
09 Jun 2024;0.9;37.39401953574;5.1;359.0;-24.1296;15.8947;31201
10 Jun 2024;1.5;302.43192507001;6.1;351.6;-24.1296;15.8947;31201
11 Jun 2024;3.0;304.69007898941;8.0;307.4;-24.1296;15.8947;31201
12 Jun 2024;1.5;292.49633980221;5.4;334.4;-24.1296;15.8947;31201
13 Jun 2024;0.9;116.36521392142;4.1;14.46;-24.1296;15.8947;31201
14 Jun 2024;1.0;94.007526188824;3.0;5.15;-24.1296;15.8947;31201
15 Jun 2024;1.0;356.76146074686;4.1;8.22;-24.1296;15.8947;31201
16 Jun 2024;3.0;326.07096454575;7.4;350.8;-24.1296;15.8947;31201
17 Jun 2024;2.0;301.0643816033;5.1;302.4;-24.1296;15.8947;31201
18 Jun 2024;1.2;287.53664724202;4.3;302.6;-24.1296;15.8947;31201
19 Jun 2024;1.3;284.57194404783;5.1;313.9;-24.1296;15.8947;31201
20 Jun 2024;2.3;314.29521710518;8.8;322.4;-24.1296;15.8947;31201
21 Jun 2024;1.5;279.94754641472;6.0;309.7;-24.1296;15.8947;31201
22 Jun 2024;0.7;262.89837035337;5.2;337.0;-24.1296;15.8947;31201
23 Jun 2024;1.0;139.49879833659;3.6;87.6;-24.1296;15.8947;31201
24 Jun 2024;1.5;126.83217443445;4.5;134.3;-24.1296;15.8947;31201
25 Jun 2024;3.9;79.714777599607;7.0;54.67;-24.1296;15.8947;31201
26 Jun 2024;7.6;51.432977608305;9.2;40.17;-24.1296;15.8947;31201
27 Jun 2024;5.9;32.19862962581;10.8;36.14;-24.1296;15.8947;31201
28 Jun 2024;2.7;345.46563547784;8.2;355.3;-24.1296;15.8947;31201
29 Jun 2024;3.7;312.43000162712;9.5;322.7;-24.1296;15.8947;31201
30 Jun 2024;2.3;298.19926514502;5.7;298.7;-24.1296;15.8947;31201
01 Jul 2024;0.9;257.73252544097;3.5;293.3;-24.1296;15.8947;31201
02 Jul 2024;1.2;224.01575434603;3.3;257.0;-24.1296;15.8947;31201
03 Jul 2024;2.9;183.37185308271;5.8;190.6;-24.1296;15.8947;31201
04 Jul 2024;1.9;161.41725460879;6.0;178.8;-24.1296;15.8947;31201
05 Jul 2024;1.5;81.908665084188;4.9;16.6;-24.1296;15.8947;31201
06 Jul 2024;3.4;323.27386447771;9.6;292.5;-24.1296;15.8947;31201
07 Jul 2024;2.4;214.18233888868;7.6;181.5;-24.1296;15.8947;31201
08 Jul 2024;2.0;159.25164105832;4.6;155.8;-24.1296;15.8947;31201
09 Jul 2024;1.5;233.41991482375;3.9;336.6;-24.1296;15.8947;31201
10 Jul 2024;2.1;277.01032110527;7.7;303.6;-24.1296;15.8947;31201
11 Jul 2024;1.6;275.57811773763;4.9;289.0;-24.1296;15.8947;31201
12 Jul 2024;1.5;291.04782790925;4.5;309.6;-24.1296;15.8947;31201
13 Jul 2024;1.4;286.88669511374;4.9;308.3;-24.1296;15.8947;31201
14 Jul 2024;1.5;185.65742165639;3.1;191.0;-24.1296;15.8947;31201
15 Jul 2024;1.6;196.40438209664;4.1;192.9;-24.1296;15.8947;31201
16 Jul 2024;1.6;221.41179623968;4.2;231.9;-24.1296;15.8947;31201
17 Jul 2024;1.8;250.84427369102;5.8;296.9;-24.1296;15.8947;31201
18 Jul 2024;1.0;246.94319859399;4.2;296.0;-24.1296;15.8947;31201
19 Jul 2024;1.8;219.24673725247;4.8;215.2;-24.1296;15.8947;31201
20 Jul 2024;1.2;184.98160472951;3.7;198.5;-24.1296;15.8947;31201
21 Jul 2024;1.7;295.41820231464;6.3;328.8;-24.1296;15.8947;31201
22 Jul 2024;1.3;288.27143772806;3.9;303.5;-24.1296;15.8947;31201
23 Jul 2024;0.9;241.40422176645;4.0;331.4;-24.1296;15.8947;31201
24 Jul 2024;1.4;209.57742491256;3.4;192.0;-24.1296;15.8947;31201
25 Jul 2024;1.5;249.66514176996;4.4;304.1;-24.1296;15.8947;31201
26 Jul 2024;2.3;189.12527751034;5.5;197.5;-24.1296;15.8947;31201
27 Jul 2024;2.8;187.1490889312;5.9;186.9;-24.1296;15.8947;31201
28 Jul 2024;2.7;183.35646111285;4.9;177.9;-24.1296;15.8947;31201
29 Jul 2024;1.2;195.42833042647;4.6;233.5;-24.1296;15.8947;31201
30 Jul 2024;1.6;282.74756288211;4.5;282.4;-24.1296;15.8947;31201
31 Jul 2024;2.1;86.933601885664;7.3;102.2;-24.1296;15.8947;31201
01 Aug 2024;2.6;117.2658963912;5.8;96.4;-24.1296;15.8947;31201
02 Aug 2024;1.4;115.18787450194;4.8;37.9;-24.1296;15.8947;31201
03 Aug 2024;2.8;308.30970626397;7.7;326.3;-24.1296;15.8947;31201
04 Aug 2024;1.4;231.40650495212;6.4;185.7;-24.1296;15.8947;31201
05 Aug 2024;1.2;130.44819384528;3.9;125.8;-24.1296;15.8947;31201
06 Aug 2024;1.7;268.36299915336;5.3;305.7;-24.1296;15.8947;31201
07 Aug 2024;2.8;302.86215999644;5.5;296.7;-24.1296;15.8947;31201
08 Aug 2024;2.8;295.52774558919;6.4;293.4;-24.1296;15.8947;31201
09 Aug 2024;3.1;180.83714979627;6.3;197.6;-24.1296;15.8947;31201
10 Aug 2024;3.0;187.56040187486;6.6;188.0;-24.1296;15.8947;31201
11 Aug 2024;3.6;179.96989620216;7.8;174.3;-24.1296;15.8947;31201
12 Aug 2024;0.7;215.16009401039;3.2;136.5;-24.1296;15.8947;31201
13 Aug 2024;2.4;206.3646503772;8.0;180.9;-24.1296;15.8947;31201
14 Aug 2024;2.2;105.28843913867;6.1;92.8;-24.1296;15.8947;31201
15 Aug 2024;1.3;318.15946604779;7.3;352.9;-24.1296;15.8947;31201
16 Aug 2024;1.8;267.00342698681;5.7;280.3;-24.1296;15.8947;31201
17 Aug 2024;1.5;239.33883067913;4.0;268.9;-24.1296;15.8947;31201
18 Aug 2024;1.8;221.95244361656;4.1;226.5;-24.1296;15.8947;31201
19 Aug 2024;1.2;312.38682541934;8.0;334.9;-24.1296;15.8947;31201
20 Aug 2024;1.1;239.25553128867;6.4;197.0;-24.1296;15.8947;31201
21 Aug 2024;2.7;191.02675932288;5.6;194.3;-24.1296;15.8947;31201
22 Aug 2024;0.4;98.794181937535;4.5;232.9;-24.1296;15.8947;31201
23 Aug 2024;2.6;281.26826671147;7.5;275.5;-24.1296;15.8947;31201
24 Aug 2024;1.4;224.61351598309;6.4;180.8;-24.1296;15.8947;31201
25 Aug 2024;1.3;243.15501536528;4.7;300.3;-24.1296;15.8947;31201
26 Aug 2024;1.3;233.76601360571;3.9;274.4;-24.1296;15.8947;31201
27 Aug 2024;3.3;188.29733449524;7.5;182.7;-24.1296;15.8947;31201
28 Aug 2024;2.6;181.70673499536;7.2;193.5;-24.1296;15.8947;31201
29 Aug 2024;1.4;130.86231038327;5.0;123.5;-24.1296;15.8947;31201
30 Aug 2024;1.5;308.52165712161;7.2;308.6;-24.1296;15.8947;31201
31 Aug 2024;1.7;211.94275155869;5.5;177.2;-24.1296;15.8947;31201
01 May 2025;1.7;286.10262840249;4.4;318.8;-24.1296;15.8947;31201
02 May 2025;1.8;100.53808842521;4.5;79.92;-24.1296;15.8947;31201
03 May 2025;1.9;116.63001598341;4.9;90.6;-24.1296;15.8947;31201
04 May 2025;0.6;261.14871726396;4.3;343.0;-24.1296;15.8947;31201
05 May 2025;1.3;259.71343957035;6.4;350.7;-24.1296;15.8947;31201
06 May 2025;1.1;287.80187285308;5.9;345.4;-24.1296;15.8947;31201
07 May 2025;1.7;197.49181822005;6.3;182.8;-24.1296;15.8947;31201
08 May 2025;1.7;223.82567481901;5.1;220.3;-24.1296;15.8947;31201
09 May 2025;1.7;264.65249716995;6.2;315.1;-24.1296;15.8947;31201
10 May 2025;2.2;227.31277485111;5.2;262.5;-24.1296;15.8947;31201
11 May 2025;1.0;151.1682823734;3.5;54.22;-24.1296;15.8947;31201
12 May 2025;1.1;111.58558254064;4.0;138.4;-24.1296;15.8947;31201
13 May 2025;1.3;93.271901367987;3.2;15.61;-24.1296;15.8947;31201
14 May 2025;2.5;45.550552684402;6.7;22.9;-24.1296;15.8947;31201
15 May 2025;0.5;338.57533403212;4.4;2.09;-24.1296;15.8947;31201
16 May 2025;1.0;337.49312195043;4.9;343.8;-24.1296;15.8947;31201
17 May 2025;1.2;282.35239818259;5.2;340.9;-24.1296;15.8947;31201
18 May 2025;1.4;292.13706370327;6.0;273.3;-24.1296;15.8947;31201
19 May 2025;2.0;289.82606630802;6.3;296.2;-24.1296;15.8947;31201
20 May 2025;2.4;261.89145403193;5.3;247.1;-24.1296;15.8947;31201
21 May 2025;2.7;115.45446350207;6.2;87.4;-24.1296;15.8947;31201
22 May 2025;3.2;108.17207028439;6.0;119.5;-24.1296;15.8947;31201
23 May 2025;1.9;137.18603589124;3.3;144.5;-24.1296;15.8947;31201
24 May 2025;0.8;214.77390011564;4.9;180.2;-24.1296;15.8947;31201
25 May 2025;1.3;248.96765625926;5.1;329.4;-24.1296;15.8947;31201
26 May 2025;1.5;240.96405234077;4.2;320.8;-24.1296;15.8947;31201
27 May 2025;;;;;-24.1296;15.8947;31201
28 May 2025;;;;;-24.1296;15.8947;31201
29 May 2025;;;;;-24.1296;15.8947;31201
30 May 2025;;;;;-24.1296;15.8947;31201
31 May 2025;;;;;-24.1296;15.8947;31201
01 Jun 2025;;;;;-24.1296;15.8947;31201
02 Jun 2025;;;;;-24.1296;15.8947;31201
03 Jun 2025;;;;;-24.1296;15.8947;31201
04 Jun 2025;;;;;-24.1296;15.8947;31201
05 Jun 2025;;;;;-24.1296;15.8947;31201
06 Jun 2025;1.2;271.45596304054;4.5;297.5;-24.1296;15.8947;31201
07 Jun 2025;0.8;183.42632312117;1.8;189.0;-24.1296;15.8947;31201
08 Jun 2025;3.9;185.59227745461;6.6;177.1;-24.1296;15.8947;31201
09 Jun 2025;2.9;115.07715723115;6.8;123.3;-24.1296;15.8947;31201
10 Jun 2025;3.0;106.43537119178;5.1;111.1;-24.1296;15.8947;31201
11 Jun 2025;2.2;115.95512795717;4.0;127.6;-24.1296;15.8947;31201
12 Jun 2025;1.9;112.4679892699;3.6;114.4;-24.1296;15.8947;31201
13 Jun 2025;;;;;-24.1296;15.8947;31201
14 Jun 2025;3.7;49.719798374911;7.6;43.43;-24.1296;15.8947;31201
15 Jun 2025;2.3;44.348902551381;3.6;53.08;-24.1296;15.8947;31201
16 Jun 2025;1.0;277.83378365108;6.0;347.8;-24.1296;15.8947;31201
17 Jun 2025;1.4;245.32308103878;5.1;298.5;-24.1296;15.8947;31201
18 Jun 2025;1.5;288.01827632529;5.2;296.0;-24.1296;15.8947;31201
19 Jun 2025;1.2;274.49261518975;4.4;300.6;-24.1296;15.8947;31201
20 Jun 2025;0.8;236.77403932682;3.2;315.1;-24.1296;15.8947;31201
21 Jun 2025;0.2;63.325087823996;4.2;6.36;-24.1296;15.8947;31201
22 Jun 2025;1.3;214.41308548305;4.7;184.1;-24.1296;15.8947;31201
23 Jun 2025;0.7;239.99324210796;4.6;23.1;-24.1296;15.8947;31201
24 Jun 2025;1.8;288.6508025343;6.8;331.4;-24.1296;15.8947;31201
25 Jun 2025;3.5;309.21773634773;6.3;302.5;-24.1296;15.8947;31201
26 Jun 2025;3.1;203.82086249684;6.3;187.2;-24.1296;15.8947;31201
27 Jun 2025;1.0;152.39310207908;3.6;139.2;-24.1296;15.8947;31201
28 Jun 2025;2.0;177.65848749657;3.4;192.5;-24.1296;15.8947;31201
29 Jun 2025;0.8;224.36174277874;3.2;268.5;-24.1296;15.8947;31201
30 Jun 2025;0.7;287.91342391787;4.9;351.6;-24.1296;15.8947;31201
01 Jul 2025;;;;;-24.1296;15.8947;31201
02 Jul 2025;0.8;300.80000001937;0.8;300.8;-24.1296;15.8947;31201
03 Jul 2025;1.3;181.75842070554;3.4;194.9;-24.1296;15.8947;31201
04 Jul 2025;2.3;196.40000000968;2.3;196.4;-24.1296;15.8947;31201
05 Jul 2025;2.4;198.61483738482;2.9;201.3;-24.1296;15.8947;31201
06 Jul 2025;;;;;-24.1296;15.8947;31201
07 Jul 2025;;;;;-24.1296;15.8947;31201
08 Jul 2025;;;;;-24.1296;15.8947;31201
09 Jul 2025;;;;;-24.1296;15.8947;31201
10 Jul 2025;;;;;-24.1296;15.8947;31201
11 Jul 2025;;;;;-24.1296;15.8947;31201
12 Jul 2025;;;;;-24.1296;15.8947;31201
13 Jul 2025;;;;;-24.1296;15.8947;31201
14 Jul 2025;;;;;-24.1296;15.8947;31201
15 Jul 2025;;;;;-24.1296;15.8947;31201
16 Jul 2025;;;;;-24.1296;15.8947;31201
17 Jul 2025;2.0;193.20000000968;2.0;193.2;-24.1296;15.8947;31201
18 Jul 2025;2.5;194.3253106376;3.1;194.2;-24.1296;15.8947;31201
19 Jul 2025;;;;;-24.1296;15.8947;31201
20 Jul 2025;;;;;-24.1296;15.8947;31201
21 Jul 2025;;;;;-24.1296;15.8947;31201
22 Jul 2025;;;;;-24.1296;15.8947;31201
23 Jul 2025;;;;;-24.1296;15.8947;31201
24 Jul 2025;;;;;-24.1296;15.8947;31201
25 Jul 2025;;;;;-24.1296;15.8947;31201
26 Jul 2025;;;;;-24.1296;15.8947;31201
27 Jul 2025;;;;;-24.1296;15.8947;31201
28 Jul 2025;;;;;-24.1296;15.8947;31201
29 Jul 2025;;;;;-24.1296;15.8947;31201
30 Jul 2025;;;;;-24.1296;15.8947;31201
31 Jul 2025;;;;;-24.1296;15.8947;31201
01 Aug 2025;;;;;-24.1296;15.8947;31201
02 Aug 2025;;;;;-24.1296;15.8947;31201
03 Aug 2025;;;;;-24.1296;15.8947;31201
04 Aug 2025;;;;;-24.1296;15.8947;31201
05 Aug 2025;;;;;-24.1296;15.8947;31201
06 Aug 2025;1.2;210.00000000968;1.2;210.0;-24.1296;15.8947;31201
07 Aug 2025;0.6;151.96015827644;2.9;147.8;-24.1296;15.8947;31201
08 Aug 2025;;;;;-24.1296;15.8947;31201
09 Aug 2025;;;;;-24.1296;15.8947;31201
10 Aug 2025;;;;;-24.1296;15.8947;31201
11 Aug 2025;;;;;-24.1296;15.8947;31201
12 Aug 2025;;;;;-24.1296;15.8947;31201
13 Aug 2025;;;;;-24.1296;15.8947;31201
14 Aug 2025;;;;;-24.1296;15.8947;31201
15 Aug 2025;;;;;-24.1296;15.8947;31201
16 Aug 2025;1.5;164.40000000968;1.5;164.4;-24.1296;15.8947;31201
17 Aug 2025;0.1;325.28795704243;6.7;29.95;-24.1296;15.8947;31201
18 Aug 2025;1.2;197.30000000968;1.2;197.3;-24.1296;15.8947;31201
19 Aug 2025;1.4;217.85369172325;3.4;259.1;-24.1296;15.8947;31201
20 Aug 2025;;;;;-24.1296;15.8947;31201
21 Aug 2025;;;;;-24.1296;15.8947;31201
22 Aug 2025;3.0;185.77196879797;5.7;182.9;-24.1296;15.8947;31201
23 Aug 2025;;;;;-24.1296;15.8947;31201
24 Aug 2025;;;;;-24.1296;15.8947;31201
25 Aug 2025;;;;;-24.1296;15.8947;31201
26 Aug 2025;;;;;-24.1296;15.8947;31201
27 Aug 2025;1.2;196.50000000968;1.2;196.5;-24.1296;15.8947;31201
28 Aug 2025;1.2;219.17827646514;4.3;195.3;-24.1296;15.8947;31201
29 Aug 2025;;;;;-24.1296;15.8947;31201
30 Aug 2025;1.7;178.80000000968;1.7;178.8;-24.1296;15.8947;31201
31 Aug 2025;1.7;197.70871828837;4.7;177.9;-24.1296;15.8947;31201
